component_id,component_name,volt,sub_name,nd,island,sub_id
序号,并补名,电压等级,,物理节点,电气岛号,厂站索引
1,国调.三峡左岸/500kV.5113电抗器,500,国调.三峡左岸厂,50399,-1,4
2,国调.复龙换流/500kV.5611ACF,500,国调.复龙换流站,2143,0,1
3,国调.复龙换流/500kV.5612ACF,500,国调.复龙换流站,2145,0,1
4,国调.复龙换流/500kV.5641ACF,500,国调.复龙换流站,2151,0,1
5,国调.复龙换流/500kV.5642ACF,500,国调.复龙换流站,2153,0,1
6,国调.复龙换流/500kV.5643ACF,500,国调.复龙换流站,2155,0,1
7,国调.复龙换流/500kV.5621ACF,500,国调.复龙换流站,2126,0,1
8,国调.复龙换流/500kV.5622ACF,500,国调.复龙换流站,2128,0,1
9,国调.复龙换流/500kV.5624ACF,500,国调.复龙换流站,2132,0,1
10,国调.复龙换流/500kV.5631ACF,500,国调.复龙换流站,2134,0,1
11,国调.复龙换流/500kV.5632ACF,500,国调.复龙换流站,2136,0,1
12,国调.锦屏换流站/500kV.5611ACF,500,国调.锦屏换流站,2231,0,15
13,国调.锦屏换流站/500kV.5612ACF,500,国调.锦屏换流站,2233,0,15
14,国调.锦屏换流站/500kV.5613SC,500,国调.锦屏换流站,2235,0,15
15,国调.锦屏换流站/500kV.5621ACF,500,国调.锦屏换流站,2239,0,15
16,国调.锦屏换流站/500kV.5622ACF,500,国调.锦屏换流站,2241,0,15
17,国调.锦屏换流站/500kV.5623SC,500,国调.锦屏换流站,2243,0,15
18,国调.锦屏换流站/500kV.5624SC,500,国调.锦屏换流站,2245,0,15
19,国调.锦屏换流站/500kV.5631ACF,500,国调.锦屏换流站,2247,0,15
20,国调.锦屏换流站/500kV.5632ACF,500,国调.锦屏换流站,2249,0,15
21,国调.锦屏换流站/500kV.5633ACF,500,国调.锦屏换流站,2251,0,15
22,国调.锦屏换流站/500kV.5634SC,500,国调.锦屏换流站,2253,0,15
23,国调.锦屏换流站/500kV.5641ACF,500,国调.锦屏换流站,2255,0,15
24,国调.锦屏换流站/500kV.5642ACF,500,国调.锦屏换流站,2257,0,15
25,国调.锦屏换流站/500kV.5643SC,500,国调.锦屏换流站,2259,0,15
26,国调.锦屏换流站/35kV.311L,35,国调.锦屏换流站,2265,-1,16
27,国调.锦屏换流站/35kV.312L,35,国调.锦屏换流站,2267,-1,16
28,国调.锦屏换流站/35kV.313L,35,国调.锦屏换流站,2269,-1,16
29,国调.锦屏换流站/35kV.321L,35,国调.锦屏换流站,2273,-1,16
30,国调.锦屏换流站/35kV.322L,35,国调.锦屏换流站,2275,-1,16
31,国调.锦屏换流站/35kV.323L,35,国调.锦屏换流站,2277,-1,16
32,国调.锦东电厂/500kV.东天一线电抗器,500,国调.锦东厂,17489,0,18
33,国调.锦东电厂/500kV.东天二线电抗器,500,国调.锦东厂,17488,0,18
34,国调.复龙换流/500kV.5623ACF,500,国调.复龙换流站,50400,-1,1
35,国调.复龙换流/500kV.5613ACF,500,国调.复龙换流站,50401,-1,1
36,国调.复龙换流/500kV.5614ACF,500,国调.复龙换流站,50402,-1,1
37,国调.复龙换流/500kV.5633ACF,500,国调.复龙换流站,50403,-1,1
38,国调.复龙换流/500kV.5644ACF,500,国调.复龙换流站,50404,-1,1
39,重庆.万县等值虚厂/500kV.万龙二线电抗器,500,重庆.万县等值虚厂,17555,0,36
40,重庆.万县等值虚厂/500kV.万龙一线电抗器,500,重庆.万县等值虚厂,17553,0,36
41,重庆.万县等值虚厂/500kV.黄万一线电抗器,500,重庆.万县等值虚厂,17551,0,36
42,重庆.万县等值虚厂/500kV.黄万二线电抗器,500,重庆.万县等值虚厂,17557,0,36
43,重庆.张家坝/500kV.张恩二线电抗器,500,重庆.张家坝,50405,-1,39
44,重庆.张家坝/500kV.张恩一线电抗器,500,重庆.张家坝,50406,-1,39
45,重庆.张家坝/500kV.张隆一线电抗器,500,重庆.张家坝,50407,-1,39
46,重庆.张家坝/500kV.张隆二线电抗器,500,重庆.张家坝,50408,-1,39
47,重庆.张家坝/500kV.张长一线电抗器,500,重庆.张家坝,50409,-1,39
48,重庆.张家坝/500kV.张长二线电抗器,500,重庆.张家坝,50410,-1,39
49,重庆.张家坝/500kV.水张一线电抗器,500,重庆.张家坝,50411,-1,39
50,重庆.张家坝/500kV.水张二线电抗器,500,重庆.张家坝,50412,-1,39
51,重庆.板桥等值虚厂/500kV.隆板一线电抗器,500,重庆.板桥等值虚厂,50413,-1,32
52,重庆.思源/500kV.资思Ⅰ线电抗器,500,重庆.思源,17563,0,41
53,重庆.思源/500kV.资思Ⅱ线电抗器,500,重庆.思源,17565,0,41
54,四川.葫芦坝厂/10.5kV.1#电抗器,10,四川.葫芦坝厂,3442,0,132
55,四川.东坡/35kV.2-1#电容器,35,四川.东坡,3026,0,95
56,四川.东坡/35kV.2-2#电容器,35,四川.东坡,3028,0,95
57,四川.东坡/35kV.2-3#电容器,35,四川.东坡,3030,0,95
58,四川.东坡/35kV.2-1#电抗器,35,四川.东坡,3032,0,95
59,四川.东坡/35kV.2-2#电抗器,35,四川.东坡,3034,0,95
60,四川.东坡/35kV.2-3#电抗器,35,四川.东坡,3036,0,95
61,四川.洪沟/500kV.普洪一线电抗器,500,西南.洪沟站,17880,0,127
62,四川.洪沟/500kV.普洪二线电抗器,500,西南.洪沟站,17883,0,127
63,四川.洪沟/35kV.1-1#电抗器,35,西南.洪沟站,3363,0,126
64,四川.洪沟/35kV.1-2#电抗器,35,西南.洪沟站,3365,0,126
65,四川.洪沟/35kV.1-3#电抗器,35,西南.洪沟站,3367,0,126
66,四川.洪沟/35kV.1-4#电抗器,35,西南.洪沟站,3369,0,126
67,四川.洪沟/35kV.1-1#电容器,35,西南.洪沟站,3374,0,126
68,四川.洪沟/35kV.1-2#电容器,35,西南.洪沟站,3376,0,126
69,四川.洪沟/35kV.1-3#电容器,35,西南.洪沟站,3378,0,126
70,四川.洪沟/35kV.1-4#电容器,35,西南.洪沟站,3380,0,126
71,四川.黄岩/35kV.2-1#电抗器,35,西南.黄岩站,3468,-1,134
72,四川.黄岩/35kV.2-2#电抗器,35,西南.黄岩站,3470,-1,134
73,四川.尖山/35kV.1#电抗器,35,四川.尖山,3588,0,143
74,四川.尖山/35kV.2#电抗器,35,四川.尖山,3590,0,143
75,四川.尖山/35kV.1#电容器,35,四川.尖山,3592,0,143
76,四川.尖山/35kV.2#电容器,35,四川.尖山,3594,0,143
77,四川.尖山/35kV.3#电抗器,35,四川.尖山,3596,0,143
78,四川.尖山/35kV.4#电抗器,35,四川.尖山,3598,0,143
79,四川.尖山/35kV.3#电容器,35,四川.尖山,3600,0,143
80,四川.龙王/35kV.1-1#电抗器,35,四川.龙王,4029,0,175
81,四川.龙王/35kV.1-2#电抗器,35,四川.龙王,4031,0,175
82,四川.龙王/35kV.1-3#电抗器,35,四川.龙王,4041,0,175
83,四川.龙王/35kV.1-1#电容器,35,四川.龙王,4032,0,175
84,四川.龙王/35kV.1-2#电容器,35,四川.龙王,4034,0,175
85,四川.龙王/35kV.1-3#电容器,35,四川.龙王,4036,0,175
86,四川.龙王/35kV.1-4#电容器,35,四川.龙王,4038,0,175
87,四川.龙王/35kV.2-1#电抗器,35,四川.龙王,4043,0,175
88,四川.龙王/35kV.2-2#电抗器,35,四川.龙王,4045,0,175
89,四川.龙王/35kV.2-3#电抗器,35,四川.龙王,4055,0,175
90,四川.龙王/35kV.2-1#电容器,35,四川.龙王,4046,0,175
91,四川.龙王/35kV.2-2#电容器,35,四川.龙王,4048,0,175
92,四川.龙王/35kV.2-3#电容器,35,四川.龙王,4050,0,175
93,四川.龙王/35kV.2-4#电容器,35,四川.龙王,4052,0,175
94,四川.南充/35kV.1-1#电抗器,35,四川.南充,4281,0,190
95,四川.南充/35kV.1-2#电抗器,35,四川.南充,4283,0,190
96,四川.南充/35kV.1-3#电抗器,35,四川.南充,4285,0,190
97,西南.普提站/500kV.百普线线路高抗,500,西南.普提站,18255,0,201
98,西南.普提站/500kV.榄普二线线路高抗,500,西南.普提站,18249,0,201
99,四川.普提/35kV.2-1#电抗器,35,西南.普提站,50414,-1,200
100,四川.普提/35kV.2-2#电抗器,35,西南.普提站,4443,-1,200
101,四川.普提/35kV.2-3#电抗器,35,西南.普提站,4445,-1,200
102,四川.普提/35kV.2-4#电抗器,35,西南.普提站,4447,-1,200
103,四川.石板箐/35kV.2#电抗器,35,西南.石板箐站,4588,0,210
104,四川.石板箐/35kV.3#电抗器,35,西南.石板箐站,4590,0,210
105,四川.石板箐/35kV.4#电抗器,35,西南.石板箐站,4592,-1,210
106,四川.石板箐/35kV.5#电抗器,35,西南.石板箐站,4594,-1,210
107,四川.石板箐/35kV.6#电抗器,35,西南.石板箐站,4596,-1,210
108,四川.石棉/500kV.九石一线电抗器,500,四川.石棉,18327,0,214
109,四川.石棉/500kV.九石二线电抗器,500,四川.石棉,18330,0,214
110,四川.石棉/35kV.1-1#电抗器,35,四川.石棉,4637,-1,213
111,四川.石棉/35kV.2-1#电抗器,35,四川.石棉,4639,-1,213
112,四川.蜀州/500kV.雅蜀一线电抗器,500,四川.蜀州,20587,0,217
113,四川.蜀州/500kV.雅蜀二线电抗器,500,四川.蜀州,20588,0,217
114,四川.谭家湾/35kV.1-1#电抗器,35,西南.谭家湾站,4876,0,231
115,四川.谭家湾/35kV.1-2#电抗器,35,西南.谭家湾站,4878,0,231
116,四川.谭家湾/35kV.1-3#电抗器,35,西南.谭家湾站,4880,0,231
117,四川.谭家湾/35kV.1-2#电容器,35,西南.谭家湾站,4884,0,231
118,四川.谭家湾/35kV.2-1#电抗器,35,西南.谭家湾站,4888,0,231
119,四川.雅安/500kV.石雅一线电抗器,500,四川.雅安,18587,0,273
120,四川.雅安/500kV.石雅二线电抗器,500,四川.雅安,18584,0,273
121,四川.雅安/35kV.2-1#电抗器,35,四川.雅安,5335,0,272
122,四川.临巴厂/500kV.巴南线电抗器,500,四川.临巴厂,18067,0,168
123,四川.丹景/35kV.1-1#电抗器,35,四川.丹景,2902,0,87
124,四川.丹景/35kV.1-1#电容器,35,四川.丹景,2904,0,87
125,四川.丹景/35kV.1-2#电抗器,35,四川.丹景,2906,0,87
126,四川.丹景/35kV.1-2#电容器,35,四川.丹景,2908,0,87
127,四川.丹景/35kV.1-3#电抗器,35,四川.丹景,50415,-1,87
128,四川.丹景/35kV.2-1#电抗器,35,四川.丹景,2910,0,87
129,四川.丹景/35kV.2-1#电容器,35,四川.丹景,2912,0,87
130,四川.丹景/35kV.2-2#电抗器,35,四川.丹景,2914,0,87
131,四川.丹景/35kV.2-2#电容器,35,四川.丹景,2916,0,87
132,四川.丹景/35kV.2-3#电抗器,35,四川.丹景,50416,-1,87
133,四川.东坡/35kV.1-1#电容器,35,四川.东坡,3014,-1,95
134,四川.东坡/35kV.1-2#电容器,35,四川.东坡,3016,-1,95
135,四川.九龙/35kV.1-1#电抗器,35,四川.九龙,3798,-1,158
136,四川.九龙/35kV.1-2#电抗器,35,四川.九龙,3800,-1,158
137,四川.九龙/35kV.2-1#电抗器,35,四川.九龙,3802,-1,158
138,四川.九龙/35kV.2-2#电抗器,35,四川.九龙,3804,-1,158
139,四川.泸州/35kV.1-1#电抗器,35,西南.泸州站,5744,0,314
140,四川.泸州/35kV.1-3#电抗器,35,西南.泸州站,5748,0,314
141,四川.泸州/35kV.1-1#电容器,35,西南.泸州站,5740,0,314
142,四川.泸州/35kV.1-2#电容器,35,西南.泸州站,5742,0,314
143,四川.泸州/35kV.2-1#电容器,35,西南.泸州站,5750,0,314
144,四川.泸州/35kV.2-2#电容器,35,西南.泸州站,5752,0,314
145,四川.泸州/35kV.2-1#电抗器,35,西南.泸州站,5754,0,314
146,四川.泸州/35kV.2-2#电抗器,35,西南.泸州站,5756,0,314
147,四川.泸州/35kV.2-3#电抗器,35,西南.泸州站,5758,0,314
148,四川.茂县/35kV.1-1#电抗器,35,四川.茂县,4154,0,182
149,四川.茂县/35kV.2-1#电抗器,35,四川.茂县,4156,-1,182
150,四川.茂县/500kV.茂谭一线电抗器,500,四川.茂县,18157,0,180
151,四川.茂县/500kV.茂谭二线电抗器,500,四川.茂县,18160,0,180
152,西南.南天站/500kV.普天线线路高抗,500,国调.南天站,18223,0,192
153,四川.南天/35kV.2-1#电抗器,35,国调.南天站,4336,0,193
154,四川.南天/35kV.2-2#电抗器,35,国调.南天站,4338,0,193
155,四川.南天/35kV.2-3#电抗器,35,国调.南天站,4340,0,193
156,四川.南天/35kV.2-1#电容器,35,国调.南天站,4342,0,193
157,四川.南天/35kV.2-2#电容器,35,国调.南天站,4344,0,193
158,四川.南充/500kV.南谭二线电抗器,500,四川.南充,18205,0,57
159,四川.蜀州/35kV.1-1#电抗器,35,四川.蜀州,4714,0,219
160,四川.蜀州/35kV.1-2#电抗器,35,四川.蜀州,4716,0,219
161,四川.蜀州/35kV.1-3#电抗器,35,四川.蜀州,4718,0,219
162,四川.蜀州/35kV.1-1#电容器,35,四川.蜀州,4720,0,219
163,四川.蜀州/35kV.1-2#电容器,35,四川.蜀州,4722,0,219
164,四川.谭家湾/35kV.1-1#电容器,35,西南.谭家湾站,4882,0,231
165,四川.谭家湾/35kV.2-2#电抗器,35,西南.谭家湾站,4890,0,231
166,四川.谭家湾/35kV.2-3#电抗器,35,西南.谭家湾站,4892,0,231
167,四川.谭家湾/35kV.2-1#电容器,35,西南.谭家湾站,4894,0,231
168,四川.谭家湾/35kV.2-2#电容器,35,西南.谭家湾站,4896,0,231
169,四川.谭家湾/35kV.2-3#电容器,35,西南.谭家湾站,4898,0,231
170,四川.叙府/35kV.1-1#电抗器,35,西南.叙府站,5302,0,267
171,四川.叙府/35kV.1-2#电抗器,35,西南.叙府站,5304,0,267
172,四川.叙府/35kV.1-1#电容器,35,西南.叙府站,5306,0,267
173,四川.叙府/35kV.1-2#电容器,35,西南.叙府站,5308,0,267
174,四川.叙府/35kV.1-3#电容器,35,西南.叙府站,5310,0,267
175,四川.东坡/35kV.1-1#电抗器,35,四川.东坡,3020,-1,95
176,四川.东坡/35kV.1-2#电抗器,35,四川.东坡,3022,-1,95
177,四川.东坡/35kV.1-3#电抗器,35,四川.东坡,3024,-1,95
178,四川.东坡/35kV.1-3#电容器,35,四川.东坡,3018,-1,95
179,四川.黄岩/35kV.1-1#电抗器,35,西南.黄岩站,5821,-1,134
180,四川.黄岩/35kV.1-3#电容器,35,西南.黄岩站,5829,-1,134
181,四川.谭家湾/35kV.1-3#电容器,35,西南.谭家湾站,4886,0,231
182,四川.雅安/500kV.雅山二线电抗器,500,四川.雅安,18796,0,273
183,四川.雅安/500kV.雅山一线电抗器,500,四川.雅安,18797,0,273
184,四川.洪沟/35kV.2-1#电抗器,35,西南.洪沟站,3371,0,126
185,四川.洪沟/35kV.2-1#电容器,35,西南.洪沟站,3382,0,126
186,四川.洪沟/35kV.2-2#电抗器,35,西南.洪沟站,5948,0,126
187,四川.洪沟/35kV.2-2#电容器,35,西南.洪沟站,5953,0,126
188,四川.洪沟/35kV.2-3#电容器,35,西南.洪沟站,5955,0,126
189,四川.尖山/35kV.6#电抗器,35,四川.尖山,5966,0,143
190,四川.尖山/35kV.5#电抗器,35,四川.尖山,5964,0,143
191,四川.东坡/500kV.布坡二线电抗器,500,四川.东坡,18897,0,93
192,四川.东坡/500kV.布坡三线电抗器,500,四川.东坡,18900,0,93
193,四川.东坡/500kV.布坡四线电抗器,500,四川.东坡,17752,0,93
194,四川.东坡/500kV.布坡一线电抗器,500,四川.东坡,18894,0,93
195,四川.瀑布沟厂/500kV.1#电抗器,500,四川.瀑布沟厂,18918,0,355
196,四川.瀑布沟厂/500kV.2#电抗器,500,四川.瀑布沟厂,18911,0,355
197,四川.南充/35kV.2-1#电抗器,35,四川.南充,6291,0,190
198,四川.南充/35kV.2-5#电抗器,35,四川.南充,6293,0,190
199,西南.泸州站/500kV.泸复二线线路高抗,500,西南.泸州站,18968,0,315
200,西南.泸州站/500kV.泸复一线线路高抗,500,西南.泸州站,18969,0,315
201,四川.叙府/35kV.2-1#电抗器,35,西南.叙府站,6379,0,267
202,四川.叙府/35kV.2-1#电容器,35,西南.叙府站,6383,0,267
203,四川.叙府/35kV.2-2#电抗器,35,西南.叙府站,6381,0,267
204,四川.叙府/35kV.2-2#电容器,35,西南.叙府站,6385,0,267
205,四川.叙府/35kV.2-3#电容器,35,西南.叙府站,6387,0,267
206,四川.泸州/35kV.1-4#电抗器,35,西南.泸州站,6407,0,314
207,四川.泸州/35kV.2-4#电抗器,35,西南.泸州站,6409,0,314
208,四川.泸州/35kV.1-2#电抗器,35,西南.泸州站,5746,0,314
209,四川.月城/35kV.2-1#电抗器,35,国调.月城站,6598,-1,425
210,四川.月城/35kV.2-2#电抗器,35,国调.月城站,6600,-1,425
211,四川.月城/35kV.1-2#电抗器,35,国调.月城站,6595,-1,425
212,四川.月城/35kV.1-1#电抗器,35,国调.月城站,6593,-1,425
213,四川.康定/35kV.1-1#电抗器,35,四川.康定,6948,0,398
214,四川.康定/35kV.1-2#电抗器,35,四川.康定,6950,0,398
215,四川.康定/35kV.1-3#电抗器,35,四川.康定,6952,0,398
216,四川.康定/35kV.1-4#电抗器,35,四川.康定,6954,0,398
217,四川.桃乡/66kV.1-1#电抗器,60,四川.桃乡,7111,0,404
218,四川.桃乡/66kV.1-1#电容器,60,四川.桃乡,7098,0,404
219,四川.桃乡/66kV.1-2#电抗器,60,四川.桃乡,7113,0,404
220,四川.桃乡/66kV.1-2#电容器,60,四川.桃乡,7100,0,404
221,四川.桃乡/66kV.1-3#电容器,60,四川.桃乡,7102,0,404
222,四川.桃乡/66kV.1-4#电容器,60,四川.桃乡,7104,0,404
223,四川.桃乡/66kV.1-5#电容器,60,四川.桃乡,7106,0,404
224,四川.桃乡/66kV.1-6#电容器,60,四川.桃乡,7108,0,404
225,四川.桃乡/66kV.2-1#电抗器,60,四川.桃乡,7129,0,404
226,四川.桃乡/66kV.2-1#电容器,60,四川.桃乡,7116,0,404
227,四川.桃乡/66kV.2-2#电抗器,60,四川.桃乡,7131,0,404
228,四川.桃乡/66kV.2-2#电容器,60,四川.桃乡,7118,0,404
229,四川.桃乡/66kV.2-3#电容器,60,四川.桃乡,7120,0,404
230,四川.桃乡/66kV.2-4#电容器,60,四川.桃乡,7122,0,404
231,四川.桃乡/66kV.2-5#电容器,60,四川.桃乡,7124,0,404
232,四川.桃乡/66kV.2-6#电容器,60,四川.桃乡,7126,0,404
233,四川.资阳/500kV.坡资二线电抗器,500,西南.资阳站,20606,0,407
234,四川.资阳/500kV.坡资一线电抗器,500,西南.资阳站,20605,0,407
235,四川.资阳/35kV.1-1#电抗器,35,西南.资阳站,7154,0,406
236,四川.资阳/35kV.1-1#电容器,35,西南.资阳站,7147,0,406
237,四川.资阳/35kV.1-2#电抗器,35,西南.资阳站,7156,0,406
238,四川.资阳/35kV.1-2#电容器,35,西南.资阳站,7149,0,406
239,四川.资阳/35kV.1-3#电容器,35,西南.资阳站,7150,0,406
240,四川.资阳/35kV.3-1#电抗器,35,西南.资阳站,7169,0,406
241,四川.资阳/35kV.3-1#电容器,35,西南.资阳站,7160,0,406
242,四川.资阳/35kV.3-2#电抗器,35,西南.资阳站,7171,0,406
243,四川.资阳/35kV.3-2#电容器,35,西南.资阳站,7162,0,406
244,四川.资阳/35kV.3-3#电容器,35,西南.资阳站,7164,0,406
245,四川.富乐/35kV.1-1#电抗器,35,四川.富乐,6414,-1,368
246,四川.富乐/35kV.1-1#电容器,35,四川.富乐,6417,-1,368
247,四川.富乐/35kV.1-2#电容器,35,四川.富乐,6419,-1,368
248,四川.富乐/35kV.2-1#电抗器,35,四川.富乐,6424,-1,368
249,四川.富乐/35kV.2-1#电容器,35,四川.富乐,6427,-1,368
250,四川.富乐/35kV.2-2#电容器,35,四川.富乐,6429,-1,368
251,四川.遂宁/35kV.1-1#电抗器,35,四川.遂宁,7214,0,419
252,四川.遂宁/35kV.1-1#电容器,35,四川.遂宁,7211,0,419
253,四川.遂宁/35kV.1-2#电容器,35,四川.遂宁,7213,0,419
254,四川.遂宁/35kV.2-1#电抗器,35,四川.遂宁,7221,0,419
255,四川.遂宁/35kV.2-1#电容器,35,四川.遂宁,7216,0,419
256,四川.遂宁/35kV.2-2#电容器,35,四川.遂宁,7218,0,419
257,四川.达州/35kV.1-1#电抗器,35,四川.达州,6625,0,377
258,四川.达州/35kV.1-2#电抗器,35,四川.达州,6627,0,377
259,四川.达州/35kV.1-2#电容器,35,四川.达州,6621,0,377
260,四川.达州/35kV.1-3#电容器,35,四川.达州,6623,0,377
261,四川.达州/35kV.2-1#电抗器,35,四川.达州,6635,-1,377
262,四川.达州/35kV.2-2#电抗器,35,四川.达州,6637,-1,377
263,四川.达州/35kV.2-2#电容器,35,四川.达州,6631,-1,377
264,四川.达州/35kV.2-3#电容器,35,四川.达州,6633,-1,377
265,四川.尖山/35kV.4#电容器,35,四川.尖山,3602,0,143
266,四川.双合/220kV.双赤一线电抗器,220,四川.双合,19743,0,220
267,四川.双合/220kV.双赤二线电抗器,220,四川.双合,19745,0,220
268,四川.雅安/35kV.2-2#电抗器,35,四川.雅安,8113,0,272
269,四川.雅安/35kV.2-1#电容器,35,四川.雅安,8117,0,272
270,四川.雅安/35kV.2-2#电容器,35,四川.雅安,8119,0,272
271,四川.雅安/35kV.2-3#电抗器,35,四川.雅安,8115,0,272
272,四川.雅安/35kV.1-1#电抗器,35,四川.雅安,8121,0,272
273,四川.雅安/35kV.1-2#电抗器,35,四川.雅安,8123,0,272
274,四川.雅安/35kV.1-1#电容器,35,四川.雅安,8125,0,272
275,四川.雅安/35kV.1-2#电容器,35,四川.雅安,8127,0,272
276,四川.九龙/35kV.1-3#电抗器,35,四川.九龙,8146,-1,158
277,四川.九龙/35kV.2-3#电抗器,35,四川.九龙,8148,-1,158
278,四川.石棉/35kV.1-2#电抗器,35,四川.石棉,8156,-1,213
279,四川.石棉/35kV.1-3#电抗器,35,四川.石棉,8158,-1,213
280,四川.石棉/35kV.2-2#电抗器,35,四川.石棉,8160,-1,213
281,四川.石棉/35kV.2-3#电抗器,35,四川.石棉,8162,-1,213
282,四川.黄岩/35kV.1-2#电容器,35,西南.黄岩站,5827,-1,134
283,四川.黄岩/35kV.2-1#电容器,35,西南.黄岩站,3472,-1,134
284,四川.黄岩/35kV.2-2#电容器,35,西南.黄岩站,3474,-1,134
285,四川.黄岩/35kV.2-3#电容器,35,西南.黄岩站,3476,-1,134
286,四川.黄岩/35kV.1-2#电抗器,35,西南.黄岩站,5823,-1,134
287,四川.黄岩/35kV.1-1#电容器,35,西南.黄岩站,5825,-1,134
288,西南.泸州站/500kV.泸复三线线路高抗,500,西南.泸州站,18967,0,315
289,四川.茂县/35kV.1-2#电抗器,35,四川.茂县,8237,0,182
290,四川.茂县/35kV.1-3#电抗器,35,四川.茂县,8239,0,182
291,四川.茂县/35kV.1-4#电抗器,35,四川.茂县,8241,0,182
292,四川.茂县/35kV.2-2#电抗器,35,四川.茂县,8243,-1,182
293,四川.茂县/35kV.2-3#电抗器,35,四川.茂县,8245,-1,182
294,四川.茂县/35kV.2-4#电抗器,35,四川.茂县,8247,-1,182
295,四川.南充/500kV.南谭一线电抗器,500,四川.南充,18203,0,57
296,四川.南充/35kV.2-1#电容器,35,四川.南充,6295,0,190
297,四川.康定/35kV.2-1#电抗器,35,四川.康定,8272,0,398
298,四川.康定/35kV.2-2#电抗器,35,四川.康定,8274,0,398
299,四川.康定/35kV.2-3#电抗器,35,四川.康定,8276,0,398
300,四川.康定/35kV.2-4#电抗器,35,四川.康定,8278,0,398
301,四川.桃乡/66kV.3-1#电抗器,60,四川.桃乡,8309,0,404
302,四川.桃乡/66kV.3-1#电容器,60,四川.桃乡,8322,0,404
303,四川.桃乡/66kV.3-2#电抗器,60,四川.桃乡,8307,0,404
304,四川.桃乡/66kV.3-2#电容器,60,四川.桃乡,8320,0,404
305,四川.桃乡/66kV.3-3#电容器,60,四川.桃乡,8318,0,404
306,四川.桃乡/66kV.3-4#电容器,60,四川.桃乡,8316,0,404
307,四川.桃乡/66kV.3-5#电容器,60,四川.桃乡,8314,0,404
308,四川.桃乡/66kV.3-6#电容器,60,四川.桃乡,8312,0,404
309,四川.丹景/35kV.1-3#电容器,35,四川.丹景,8357,0,87
310,四川.丹景/35kV.2-3#电容器,35,四川.丹景,8359,0,87
311,四川.石板箐/35kV.1#电抗器,35,西南.石板箐站,4586,0,210
312,四川.资阳/35kV.2-1#电抗器,35,西南.资阳站,8397,-1,406
313,四川.资阳/35kV.2-1#电容器,35,西南.资阳站,8388,-1,406
314,四川.资阳/35kV.2-2#电抗器,35,西南.资阳站,8399,-1,406
315,四川.资阳/35kV.2-2#电容器,35,西南.资阳站,8390,-1,406
316,四川.资阳/35kV.2-3#电容器,35,西南.资阳站,8392,-1,406
317,四川.富乐/500kV.乐昭一线电抗器,500,四川.富乐,18992,0,369
318,四川.富乐/35kV.1-2#电抗器,35,四川.富乐,6416,-1,368
319,四川.富乐/35kV.1-3#电容器,35,四川.富乐,6421,-1,368
320,四川.富乐/35kV.2-3#电容器,35,四川.富乐,6431,-1,368
321,四川.富乐/35kV.2-2#电抗器,35,四川.富乐,6426,-1,368
322,四川.月城/35kV.1-3#电抗器,35,国调.月城站,8608,-1,425
323,四川.月城/35kV.1-4#电抗器,35,国调.月城站,8610,-1,425
324,四川.月城/35kV.2-3#电抗器,35,国调.月城站,8618,-1,425
325,四川.月城/35kV.2-4#电抗器,35,国调.月城站,8620,-1,425
326,四川.月城/35kV.1-1#电容器,35,国调.月城站,8611,-1,425
327,四川.月城/35kV.1-2#电容器,35,国调.月城站,8613,-1,425
328,四川.月城/35kV.1-3#电容器,35,国调.月城站,8615,-1,425
329,四川.月城/35kV.2-1#电容器,35,国调.月城站,8621,-1,425
330,四川.月城/35kV.2-2#电容器,35,国调.月城站,8623,-1,425
331,四川.月城/35kV.2-3#电容器,35,国调.月城站,8625,-1,425
332,四川.昭化/35kV.#1-1电容器,35,四川.昭化,7543,0,430
333,四川.昭化/35kV.#1-2电容器,35,四川.昭化,7545,0,430
334,四川.昭化/35kV.#1-3电容器,35,四川.昭化,8654,0,430
335,四川.昭化/35kV.#2-1电容器,35,四川.昭化,7548,-1,430
336,四川.昭化/35kV.#2-2电容器,35,四川.昭化,7550,-1,430
337,四川.昭化/35kV.#2-3电容器,35,四川.昭化,8658,-1,430
338,四川.昭化/35kV.#3-1电容器,35,四川.昭化,8662,-1,430
339,四川.昭化/35kV.#3-2电容器,35,四川.昭化,8664,-1,430
340,四川.昭化/35kV.#3-3电容器,35,四川.昭化,8666,-1,430
341,四川.昭化/35kV.#1-1电抗器,35,四川.昭化,7546,0,430
342,四川.昭化/35kV.#1-2电抗器,35,四川.昭化,8656,0,430
343,四川.昭化/35kV.#2-1电抗器,35,四川.昭化,7553,-1,430
344,四川.昭化/35kV.#2-2电抗器,35,四川.昭化,8661,-1,430
345,四川.昭化/35kV.#3-1电抗器,35,四川.昭化,8669,-1,430
346,四川.昭化/35kV.#3-2电抗器,35,四川.昭化,8671,-1,430
347,西南.普提站/500kV.月普一线线路高抗,500,西南.普提站,18254,0,201
348,西南.普提站/500kV.月普二线线路高抗,500,西南.普提站,21010,0,201
349,四川.昭化/500kV.武昭线电抗器,500,四川.昭化,19401,0,428
350,四川.遂宁/35kV.3-1#电抗器,35,四川.遂宁,8756,-1,419
351,四川.遂宁/35kV.3-2#电抗器,35,四川.遂宁,8758,-1,419
352,四川.遂宁/35kV.3-3#电抗器,35,四川.遂宁,8760,-1,419
353,四川.遂宁/35kV.2-2#电抗器,35,四川.遂宁,8752,0,419
354,四川.遂宁/35kV.2-3#电抗器,35,四川.遂宁,8754,0,419
355,四川.遂宁/35kV.3-1#电容器,35,四川.遂宁,8747,-1,419
356,四川.遂宁/35kV.3-2#电容器,35,四川.遂宁,8749,-1,419
357,四川.遂宁/35kV.1-2#电抗器,35,四川.遂宁,8743,0,419
358,四川.遂宁/35kV.1-3#电抗器,35,四川.遂宁,8745,0,419
359,四川.遂宁/500kV.洪遂线电抗器,500,四川.遂宁,19343,0,417
360,四川.遂宁/500kV.502223电抗器,500,四川.遂宁,19339,0,417
361,四川.遂宁/500kV.503233电抗器,500,四川.遂宁,21031,0,417
362,四川.遂宁/500kV.504243电抗器,500,四川.遂宁,21030,0,417
363,四川.遂宁/500kV.504142电抗器,500,四川.遂宁,21043,0,417
364,四川.遂宁/500kV.505152电抗器,500,四川.遂宁,19341,0,417
365,四川.红房子厂/220kV.红孟线电抗器,220,四川.红房子厂,50417,-1,131
366,四川.蜀州/35kV.2-1#电抗器,35,四川.蜀州,8924,0,219
367,四川.蜀州/35kV.2-2#电抗器,35,四川.蜀州,8926,0,219
368,四川.蜀州/35kV.2-3#电抗器,35,四川.蜀州,8928,0,219
369,四川.蜀州/35kV.2-1#电容器,35,四川.蜀州,8930,0,219
370,四川.蜀州/35kV.2-2#电容器,35,四川.蜀州,8932,0,219
371,四川.蜀州/35kV.2-3#电容器,35,四川.蜀州,26261,0,219
372,四川.南天/35kV.1-1#电容器,35,国调.南天站,8969,0,193
373,四川.南天/35kV.1-2#电容器,35,国调.南天站,8971,0,193
374,四川.南天/35kV.1-1#电抗器,35,国调.南天站,8963,0,193
375,四川.南天/35kV.1-2#电抗器,35,国调.南天站,8965,0,193
376,四川.南天/35kV.1-3#电抗器,35,国调.南天站,8967,0,193
377,四川.嘉州/35kV.2-1#电抗器,35,四川.嘉州,50418,-1,549
378,四川.嘉州/35kV.1-1#电容器,35,四川.嘉州,9098,0,549
379,四川.嘉州/35kV.1-2#电容器,35,四川.嘉州,9100,0,549
380,四川.嘉州/35kV.1-3#电容器,35,四川.嘉州,9101,0,549
381,四川.嘉州/35kV.2-2#电抗器,35,四川.嘉州,50419,-1,549
382,四川.嘉州/35kV.1-1#电抗器,35,四川.嘉州,9103,0,549
383,四川.嘉州/35kV.1-2#电抗器,35,四川.嘉州,9105,0,549
384,四川.嘉州/35kV.2-1#电容器,35,四川.嘉州,50420,-1,549
385,四川.嘉州/35kV.2-2#电容器,35,四川.嘉州,50421,-1,549
386,四川.嘉州/35kV.2-3#电容器,35,四川.嘉州,50422,-1,549
387,四川.嘉州/35kV.3-1#电容器,35,四川.嘉州,9108,-1,549
388,四川.嘉州/35kV.3-2#电容器,35,四川.嘉州,9110,-1,549
389,四川.嘉州/35kV.3-3#电容器,35,四川.嘉州,9112,-1,549
390,四川.嘉州/35kV.3-1#电抗器,35,四川.嘉州,9115,-1,549
391,四川.嘉州/35kV.3-2#电抗器,35,四川.嘉州,9117,-1,549
392,四川.沐溪/500kV.5063电抗器,500,西南.沐溪站,9161,0,551
393,四川.雅安/500kV.石雅三线电抗器,500,四川.雅安,21309,0,273
394,四川.雅安/500kV.石雅四线电抗器,500,四川.雅安,21310,0,273
395,四川.石棉/35kV.3-1#电抗器,35,四川.石棉,9194,-1,213
396,四川.石棉/35kV.3-2#电抗器,35,四川.石棉,9196,-1,213
397,四川.石棉/35kV.3-3#电抗器,35,四川.石棉,9198,-1,213
398,四川.色尔古/35kV.1-1#电抗器,35,四川.色尔古,9286,0,561
399,四川.色尔古/35kV.1-2#电抗器,35,四川.色尔古,9288,0,561
400,四川.色尔古/35kV.1-3#电抗器,35,四川.色尔古,9290,0,561
401,四川.色尔古/35kV.1-4#电抗器,35,四川.色尔古,9292,0,561
402,四川.色尔古/35kV.2-1#电抗器,35,四川.色尔古,9294,-1,561
403,四川.色尔古/35kV.2-2#电抗器,35,四川.色尔古,9296,-1,561
404,四川.色尔古/35kV.2-3#电抗器,35,四川.色尔古,9298,-1,561
405,四川.色尔古/35kV.2-4#电抗器,35,四川.色尔古,9300,-1,561
406,四川.蜀州/500kV.甘蜀二线电抗器,500,四川.蜀州,18946,0,217
407,四川.彭祖/35kV.1-1电抗器,35,四川.彭祖,9478,0,903
408,四川.彭祖/35kV.1-2电抗器,35,四川.彭祖,9480,0,903
409,四川.彭祖/35kV.2-1电抗器,35,四川.彭祖,9486,0,903
410,四川.彭祖/35kV.2-2电抗器,35,四川.彭祖,9488,0,903
411,四川.彭祖/35kV.3-1电抗器,35,四川.彭祖,9541,-1,903
412,四川.彭祖/35kV.3-2电抗器,35,四川.彭祖,9543,-1,903
413,四川.彭祖/35kV.1-1电容器,35,四川.彭祖,9538,0,903
414,四川.彭祖/35kV.1-2电容器,35,四川.彭祖,9481,0,903
415,四川.彭祖/35kV.2-1电容器,35,四川.彭祖,9550,0,903
416,四川.彭祖/35kV.2-2电容器,35,四川.彭祖,9489,0,903
417,四川.彭祖/35kV.3-1电容器,35,四川.彭祖,9544,-1,903
418,四川.彭祖/35kV.3-2电容器,35,四川.彭祖,9546,-1,903
419,四川.彭祖/35kV.1-3电容器,35,四川.彭祖,9483,0,903
420,四川.彭祖/35kV.2-3电容器,35,四川.彭祖,9491,0,903
421,四川.彭祖/35kV.3-3电容器,35,四川.彭祖,9548,-1,903
422,四川.什邡/66kV.2-1电容器,60,四川.什邡,9942,0,948
423,四川.什邡/66kV.2-2电容器,60,四川.什邡,9944,0,948
424,四川.什邡/66kV.2-3电容器,60,四川.什邡,9945,0,948
425,四川.什邡/66kV.2-4电容器,60,四川.什邡,9948,0,948
426,四川.什邡/66kV.2-5电容器,60,四川.什邡,9949,0,948
427,四川.什邡/66kV.1-1电容器,60,四川.什邡,9928,0,948
428,四川.什邡/66kV.1-2电容器,60,四川.什邡,9930,0,948
429,四川.什邡/66kV.1-3电容器,60,四川.什邡,9931,0,948
430,四川.什邡/66kV.1-4电容器,60,四川.什邡,9934,0,948
431,四川.什邡/66kV.1-5电容器,60,四川.什邡,9935,0,948
432,四川.什邡/66kV.2-1电抗器,60,四川.什邡,9952,0,948
433,四川.什邡/66kV.1-1电抗器,60,四川.什邡,9938,0,948
434,四川.蜀州/500kV.甘蜀一线电抗器,500,四川.蜀州,18948,0,217
435,四川.木里/35kV.1-1#电抗器,35,西南.木里站,10023,0,960
436,四川.木里/35kV.2-1#电抗器,35,西南.木里站,10021,0,960
437,西南.月城站/500kV.里月一线线路高抗,500,国调.月城站,21710,0,426
438,西南.月城站/500kV.里月二线线路高抗,500,国调.月城站,21711,0,426
439,四川.洪沟/500kV.普洪三线电抗器,500,西南.洪沟站,17886,0,127
440,西南.月城站/500kV.城沐一线线路高抗,500,国调.月城站,21869,0,426
441,西南.月城站/500kV.城沐二线线路高抗,500,国调.月城站,21870,0,426
442,四川.毛尔盖厂/6.3kV.1DK电抗器,6,四川.毛尔盖厂,10145,0,567
443,四川.平武/35kV.2-1#电抗器,35,四川.平武,10232,0,992
444,四川.平武/35kV.2-2#电抗器,35,四川.平武,10234,0,992
445,四川.平武/35kV.1-1#电抗器,35,四川.平武,10236,0,992
446,四川.平武/35kV.1-2#电抗器,35,四川.平武,10238,0,992
447,四川.甘泉/35kV.1-1#电容器,35,西南.甘泉站,10272,-1,987
448,四川.甘泉/35kV.1-2#电容器,35,西南.甘泉站,10270,-1,987
449,四川.甘泉/35kV.1-1#电抗器,35,西南.甘泉站,10268,-1,987
450,四川.甘泉/35kV.1-2#电抗器,35,西南.甘泉站,10266,-1,987
451,四川.甘泉/35kV.3-1#电容器,35,西南.甘泉站,10276,0,987
452,四川.甘泉/35kV.3-2#电容器,35,西南.甘泉站,10280,0,987
453,四川.甘泉/35kV.3-1#电抗器,35,西南.甘泉站,10278,0,987
454,四川.甘泉/35kV.3-2#电抗器,35,西南.甘泉站,10282,0,987
455,西南.普提站/500kV.榄普一线线路高抗,500,西南.普提站,18251,0,201
456,四川.盖家坪/10.5kV.#5电容器,10,四川.盖家坪,22030,0,811
457,四川.盖家坪/10.5kV.#6电容器,10,四川.盖家坪,22031,0,811
458,四川.盖家坪/10.5kV.#7电容器,10,四川.盖家坪,22032,0,811
459,四川.盖家坪/10.5kV.#8电容器,10,四川.盖家坪,22033,0,811
460,四川.盖家坪/10.5kV.#1电容器,10,四川.盖家坪,22022,0,811
461,四川.盖家坪/10.5kV.#2电容器,10,四川.盖家坪,22023,0,811
462,四川.盖家坪/10.5kV.#3电容器,10,四川.盖家坪,22024,0,811
463,四川.盖家坪/10.5kV.#4电容器,10,四川.盖家坪,22025,0,811
464,四川.石化/35kV.#1电容器,35,四川.石化,10408,-1,982
465,四川.石化/35kV.#2电容器,35,四川.石化,10410,-1,982
466,四川.石化/35kV.#3电容器,35,四川.石化,10412,-1,982
467,四川.石化/35kV.#4电容器,35,四川.石化,10414,-1,982
468,四川.石化/35kV.#5电容器,35,四川.石化,10416,-1,982
469,四川.石化/35kV.#6电容器,35,四川.石化,10418,-1,982
470,四川.豆坝/10.5kV.931电容器,10,四川.豆坝,50423,-1,574
471,四川.豆坝/10.5kV.932电容器,10,四川.豆坝,50424,-1,574
472,四川.豆坝/10.5kV.933电容器,10,四川.豆坝,50425,-1,574
473,四川.豆坝/10.5kV.934电容器,10,四川.豆坝,50426,-1,574
474,四川.豆坝/10.5kV.901电抗器,10,四川.豆坝,50427,-1,574
475,四川.豆坝/10.5kV.902电抗器,10,四川.豆坝,50428,-1,574
476,国调.德阳换流站/500kV.5611电容器,500,国调.德阳换流站,11517,0,1067
477,国调.德阳换流站/500kV.5612电容器,500,国调.德阳换流站,11519,0,1067
478,国调.德阳换流站/500kV.5613电容器,500,国调.德阳换流站,11521,0,1067
479,国调.德阳换流站/500kV.5614电容器,500,国调.德阳换流站,11523,0,1067
480,国调.德阳换流站/500kV.5621电容器,500,国调.德阳换流站,11525,0,1067
481,国调.德阳换流站/500kV.5622电容器,500,国调.德阳换流站,11527,0,1067
482,国调.德阳换流站/500kV.5623电容器,500,国调.德阳换流站,11529,0,1067
483,国调.德阳换流站/500kV.5624电容器,500,国调.德阳换流站,11531,0,1067
484,国调.德阳换流站/500kV.5632电容器,500,国调.德阳换流站,11535,0,1067
485,国调.德阳换流站/500kV.5633电容器,500,国调.德阳换流站,11537,0,1067
486,国调.德阳换流站/500kV.5634电容器,500,国调.德阳换流站,11539,0,1067
487,国调.德阳换流站/500kV.5631电容器,500,国调.德阳换流站,11533,0,1067
488,四川.木里/500kV.里月一线电抗器,500,西南.木里站,50429,-1,958
489,四川.木里/500kV.里月二线电抗器,500,西南.木里站,50430,-1,958
490,四川.甘孜/220kV.母线电抗器,220,四川.甘孜,50431,-1,1377
491,四川.石渠/110kV.甘石线电抗器,110,四川.石渠,50432,-1,1384
492,四川.石渠/10.5kV.电抗Ⅰ路电抗器,10,四川.石渠,11953,-1,1383
493,四川.石渠/10.5kV.电抗Ⅱ路电抗器,10,四川.石渠,11954,-1,1383
494,四川.石渠/10.5kV.电容Ⅱ路电容器,10,四川.石渠,23321,-1,1383
495,四川.石渠/10.5kV.电容Ⅰ路电容器,10,四川.石渠,23322,-1,1383
496,四川.甘孜/35kV.电抗Ⅷ路电抗器,35,四川.甘孜,11978,0,1379
497,四川.甘孜/35kV.电抗Ⅶ路电抗器,35,四川.甘孜,11976,0,1379
498,四川.甘孜/35kV.电抗VⅠ路电抗器,35,四川.甘孜,11974,0,1379
499,四川.甘孜/35kV.电抗V路电抗器,35,四川.甘孜,11972,0,1379
500,四川.甘孜/35kV.电抗Ⅳ路电抗器,35,四川.甘孜,11992,0,1379
501,四川.甘孜/35kV.电抗Ⅲ路电抗器,35,四川.甘孜,11990,0,1379
502,四川.甘孜/35kV.电抗Ⅱ路电抗器,35,四川.甘孜,11988,0,1379
503,四川.甘孜/35kV.电抗Ⅰ路电抗器,35,四川.甘孜,11986,0,1379
504,四川.普提/35kV.1-1#电抗器,35,西南.普提站,12034,-1,200
505,四川.普提/35kV.1-2#电抗器,35,西南.普提站,12036,-1,200
506,四川.普提/35kV.1-3#电抗器,35,西南.普提站,12038,-1,200
507,四川.普提/35kV.1-4#电抗器,35,西南.普提站,12040,-1,200
508,四川.内江/35kV.1-1#电抗器,35,四川.内江,12129,0,1414
509,四川.内江/35kV.1-1#电容器,35,四川.内江,12125,0,1414
510,四川.内江/35kV.1-2#电容器,35,四川.内江,12127,0,1414
511,四川.内江/35kV.2-1#电抗器,35,四川.内江,12135,-1,1414
512,四川.内江/35kV.2-1#电容器,35,四川.内江,12131,-1,1414
513,四川.内江/35kV.2-2#电容器,35,四川.内江,12133,-1,1414
514,四川.橄榄/35kV.1-1#电抗器,35,西南.橄榄站,12268,-1,1470
515,四川.橄榄/35kV.1-2#电抗器,35,西南.橄榄站,12270,-1,1470
516,四川.橄榄/35kV.1-1#电容器,35,西南.橄榄站,12271,-1,1470
517,四川.橄榄/35kV.1-2#电容器,35,西南.橄榄站,12273,-1,1470
518,四川.橄榄/35kV.3-1#电抗器,35,西南.橄榄站,12275,0,1470
519,四川.橄榄/35kV.3-2#电抗器,35,西南.橄榄站,12277,0,1470
520,四川.橄榄/35kV.3-1#电容器,35,西南.橄榄站,12279,0,1470
521,四川.橄榄/35kV.3-2#电容器,35,西南.橄榄站,12281,0,1470
522,四川.洪沟/35kV.#1SVC滤波电容器,35,西南.洪沟站,5957,0,126
523,西南.沐溪站/500kV.城沐二线线路高抗,500,西南.沐溪站,23541,0,551
524,西南.沐溪站/500kV.城沐一线线路高抗,500,西南.沐溪站,23540,0,551
525,四川.路平/35kV.1-1#电容器,35,四川.路平,12439,0,1506
526,四川.路平/35kV.1-2#电容器,35,四川.路平,12441,0,1506
527,四川.路平/35kV.1-3#电容器,35,四川.路平,12443,0,1506
528,四川.路平/35kV.1-1#电抗器,35,四川.路平,12435,0,1506
529,四川.路平/35kV.1-2#电抗器,35,四川.路平,12437,0,1506
530,四川.路平/35kV.2-1#电容器,35,四川.路平,12449,-1,1506
531,四川.路平/35kV.2-2#电容器,35,四川.路平,12451,-1,1506
532,四川.路平/35kV.2-1#电抗器,35,四川.路平,12445,-1,1506
533,四川.路平/35kV.2-2#电抗器,35,四川.路平,12447,-1,1506
534,四川.路平/35kV.2-3#电容器,35,四川.路平,12453,-1,1506
535,四川.达州/500kV.中达一线电抗器,500,四川.达州,23646,0,378
536,四川.达州/35kV.2-3#电抗器,35,四川.达州,6629,-1,377
537,四川.达州/35kV.1-3#电抗器,35,四川.达州,6619,0,377
538,四川.丹巴/35kV.1-1#电抗器,35,四川.丹巴,12810,-1,1577
539,四川.丹巴/35kV.1-2#电抗器,35,四川.丹巴,12812,-1,1577
540,四川.丹巴/35kV.1-3#电抗器,35,四川.丹巴,12814,-1,1577
541,四川.丹巴/35kV.2-1#电抗器,35,四川.丹巴,12816,0,1577
542,四川.丹巴/35kV.2-2#电抗器,35,四川.丹巴,12818,0,1577
543,四川.丹巴/35kV.2-3#电抗器,35,四川.丹巴,12820,0,1577
544,四川.木里/35kV.1-2#电抗器,35,西南.木里站,12490,0,960
545,四川.木里/35kV.2-2#电抗器,35,西南.木里站,12494,0,960
546,四川.南天/500kV.东天Ⅰ线电抗器,500,国调.南天站,23874,0,192
547,四川.南天/500kV.东天Ⅱ线电抗器,500,国调.南天站,23875,0,192
548,四川.水洛/35kV.1-2#电抗器,35,四川.水洛,12961,0,1602
549,四川.水洛/35kV.1-1#电抗器,35,四川.水洛,12959,0,1602
550,四川.乡城/35kV.2-1#电抗器,35,四川.乡城,13060,0,1618
551,四川.乡城/35kV.1-1#电抗器,35,四川.乡城,14181,0,1618
552,四川.乡城/35kV.2-2#电抗器,35,四川.乡城,13062,0,1618
553,四川.乡城/35kV.1-2#电抗器,35,四川.乡城,14183,0,1618
554,四川.乡城/35kV.1-3#电抗器,35,四川.乡城,14185,0,1618
555,四川.乡城/35kV.2-3#电抗器,35,四川.乡城,17260,0,1618
556,四川.乡城/35kV.3-1#电抗器,35,四川.乡城,50433,-1,1618
557,四川.乡城/35kV.3-2#电抗器,35,四川.乡城,50434,-1,1618
558,四川.乡城/35kV.3-3#电抗器,35,四川.乡城,50435,-1,1618
559,四川.水洛/500kV.乡水一线电抗器,500,四川.水洛,24014,0,1604
560,四川.水洛/500kV.乡水二线电抗器,500,四川.水洛,24013,0,1604
561,国调.宜宾换流站/500kV.5611ACF,500,国调.宜宾换流,13450,0,1685
562,国调.宜宾换流站/500kV.5612ACF,500,国调.宜宾换流,13452,0,1685
563,国调.宜宾换流站/500kV.5613SC,500,国调.宜宾换流,13454,0,1685
564,国调.宜宾换流站/500kV.5614SC,500,国调.宜宾换流,13456,0,1685
565,国调.宜宾换流站/500kV.5621ACF,500,国调.宜宾换流,13457,0,1685
566,国调.宜宾换流站/500kV.5622ACF,500,国调.宜宾换流,13459,0,1685
567,国调.宜宾换流站/500kV.5623ACF,500,国调.宜宾换流,13461,0,1685
568,国调.宜宾换流站/500kV.5624SC,500,国调.宜宾换流,13463,0,1685
569,国调.宜宾换流站/500kV.5631ACF,500,国调.宜宾换流,13466,0,1685
570,国调.宜宾换流站/500kV.5632ACF,500,国调.宜宾换流,13468,0,1685
571,国调.宜宾换流站/500kV.5633ACF,500,国调.宜宾换流,13470,0,1685
572,国调.宜宾换流站/500kV.5634SC,500,国调.宜宾换流,13472,0,1685
573,国调.宜宾换流站/500kV.5641ACF,500,国调.宜宾换流,13474,0,1685
574,国调.宜宾换流站/500kV.5642ACF,500,国调.宜宾换流,13476,0,1685
575,国调.宜宾换流站/500kV.5643SC,500,国调.宜宾换流,13478,0,1685
576,国调.宜宾换流站/500kV.5644SC,500,国调.宜宾换流,13480,0,1685
577,国调.宜宾换流站/500kV.5645SC,500,国调.宜宾换流,13506,0,1685
578,国调.宜宾换流站/35kV.311L,35,国调.宜宾换流,13483,0,1688
579,国调.宜宾换流站/35kV.312L,35,国调.宜宾换流,13485,0,1688
580,国调.宜宾换流站/35kV.313L,35,国调.宜宾换流,13487,0,1688
581,国调.宜宾换流站/35kV.321L,35,国调.宜宾换流,13492,0,1688
582,国调.宜宾换流站/35kV.322L,35,国调.宜宾换流,13494,0,1688
583,国调.宜宾换流站/35kV.323L,35,国调.宜宾换流,13496,0,1688
584,国调.宜宾换流站/500kV.5615SC,500,国调.宜宾换流,13500,0,1685
585,国调.宜宾换流站/500kV.5625SC,500,国调.宜宾换流,13501,0,1685
586,国调.宜宾换流站/500kV.5635SC,500,国调.宜宾换流,13504,0,1685
587,四川.蜀州/500kV.康蜀三线电抗器,500,四川.蜀州,24234,0,217
588,四川.蜀州/500kV.康蜀四线电抗器,500,四川.蜀州,24233,0,217
589,四川.巴中/35kV.1-2电容器,35,四川.巴中,13646,0,1716
590,四川.巴中/35kV.1-1电容器,35,四川.巴中,13644,0,1716
591,四川.巴中/35kV.1-3电容器,35,四川.巴中,13648,0,1716
592,四川.巴中/35kV.1-1电抗器,35,四川.巴中,13650,0,1716
593,四川.巴中/35kV.1-2电抗器,35,四川.巴中,13652,0,1716
594,四川.巴中/35kV.2-1电容器,35,四川.巴中,13654,0,1716
595,四川.巴中/35kV.2-2电容器,35,四川.巴中,13656,0,1716
596,四川.巴中/35kV.2-3电容器,35,四川.巴中,13658,0,1716
597,四川.巴中/35kV.2-1电抗器,35,四川.巴中,13660,0,1716
598,四川.巴中/35kV.2-2电抗器,35,四川.巴中,13662,0,1716
599,四川.达州/500kV.中达二线电抗器,500,四川.达州,24362,0,378
600,西南.澜沧江站/220kV.塘澜二线线路高抗,220,西南.澜沧江站,24515,27,2452
601,西南.澜沧江站/220kV.塘澜一线线路高抗,220,西南.澜沧江站,24514,27,2452
602,西藏.澜沧江站/10.5kV.171电抗器,10,西南.澜沧江站,14308,27,1789
603,西藏.澜沧江站/10.5kV.172电抗器,10,西南.澜沧江站,14309,27,1789
604,西藏.澜沧江站/10.5kV.173电抗器,10,西南.澜沧江站,14310,27,1789
605,西藏.澜沧江站/10.5kV.174电抗器,10,西南.澜沧江站,14311,27,1789
606,西藏.澜沧江站/10.5kV.175电抗器,10,西南.澜沧江站,14312,27,1789
607,西藏.澜沧江站/10.5kV.176电抗器,10,西南.澜沧江站,14313,27,1789
608,西藏.澜沧江站/10.5kV.177电抗器,10,西南.澜沧江站,14314,27,1789
609,西藏.澜沧江站/10.5kV.178电抗器,10,西南.澜沧江站,14315,27,1789
610,四川.新都桥/35kV.#2-1电抗器,35,四川.新都桥,14052,-1,1797
611,四川.新都桥/35kV.#1-1电抗器,35,四川.新都桥,14050,0,1797
612,四川.甘谷地/500kV.甘桥二线电抗器,500,四川.甘谷地,24571,0,938
613,四川.甘谷地/500kV.甘桥一线电抗器,500,四川.甘谷地,24570,0,938
614,四川.巴塘/10.5kV.电容器Ⅲ路,10,西南.巴塘站,14221,0,1822
615,四川.巴塘/10.5kV.电容器Ⅱ路,10,西南.巴塘站,14222,0,1822
616,四川.巴塘/10.5kV.电容器Ⅰ路,10,西南.巴塘站,14223,0,1822
617,四川.巴塘/10.5kV.电抗器Ⅲ路,10,西南.巴塘站,14224,0,1822
618,四川.巴塘/10.5kV.电抗器Ⅱ路,10,西南.巴塘站,14225,0,1822
619,四川.巴塘/10.5kV.电抗器Ⅰ路,10,西南.巴塘站,14226,0,1822
620,四川.巴塘/10.5kV.电抗器Ⅵ路,10,西南.巴塘站,14227,0,1822
621,四川.巴塘/10.5kV.电抗器Ⅴ路,10,西南.巴塘站,14228,0,1822
622,四川.巴塘/10.5kV.电抗器Ⅳ路,10,西南.巴塘站,14229,0,1822
623,四川.巴塘/220kV.269线路高抗,220,西南.巴塘站,24616,0,1793
624,四川.巴塘/220kV.268线路高抗,220,西南.巴塘站,24615,0,1793
625,四川.巴塘/220kV.塘乡二线电抗器,220,西南.巴塘站,50436,-1,1793
626,四川.巴塘/220kV.塘乡一线电抗器,220,西南.巴塘站,50437,-1,1793
627,四川.玉龙/10.5kV.171电抗器,10,西藏.玉龙,14282,27,1804
628,四川.玉龙/10.5kV.172电抗器,10,西藏.玉龙,14283,-1,1804
629,四川.玉龙/10.5kV.173电抗器,10,西藏.玉龙,14284,27,1804
630,四川.玉龙/10.5kV.174电抗器,10,西藏.玉龙,14285,-1,1804
631,四川.玉龙/10.5kV.175电抗器,10,西藏.玉龙,14286,27,1804
632,四川.玉龙/10.5kV.176电抗器,10,西藏.玉龙,14287,-1,1804
633,四川.玉龙/10.5kV.177电抗器,10,西藏.玉龙,14288,27,1804
634,四川.玉龙/10.5kV.178电抗器,10,西藏.玉龙,14289,-1,1804
635,西藏.邦达/10.5kV.171电抗器,10,西藏.邦达,14321,27,1808
636,西藏.邦达/10.5kV.172电抗器,10,西藏.邦达,14322,27,1808
637,西藏.邦达/10.5kV.173电抗器,10,西藏.邦达,14323,27,1808
638,西藏.邦达/10.5kV.174电抗器,10,西藏.邦达,14320,27,1808
639,西藏.邦达/10.5kV.161电容器,10,西藏.邦达,24702,27,1808
640,西藏.邦达/10.5kV.162电容器,10,西藏.邦达,24699,27,1808
641,西藏.邦达/10.5kV.163电容器,10,西藏.邦达,24701,27,1808
642,西藏.邦达/10.5kV.164电容器,10,西藏.邦达,24698,27,1808
643,四川.丹景/35kV.3-1#电抗器,35,四川.丹景,14814,0,87
644,四川.丹景/35kV.3-1#电容器,35,四川.丹景,25067,0,87
645,四川.丹景/35kV.3-2#电抗器,35,四川.丹景,14818,0,87
646,四川.丹景/35kV.3-2#电容器,35,四川.丹景,25068,0,87
647,四川.大岗山厂/500kV.5013K17电抗器,500,四川.大岗山厂,25081,0,1949
648,四川.雅安/35kV.1-3#电抗器,35,四川.雅安,14964,0,272
649,四川.纳日/35kV.1-1#电抗器,35,四川.纳日,25299,-1,1996
650,四川.纳日/35kV.1-2#电抗器,35,四川.纳日,15093,-1,1996
651,四川.广草坪/10.5kV.1#电抗器,10,四川.广草坪厂,15204,16,1829
652,四川.广都/66kV.#1-1电容器,60,四川.广都,15269,0,2017
653,四川.广都/66kV.#1-2电容器,60,四川.广都,15271,0,2017
654,四川.广都/66kV.#1-3电容器,60,四川.广都,50438,-1,2017
655,四川.广都/66kV.#1-4电容器,60,四川.广都,15275,0,2017
656,四川.广都/66kV.#1-5电容器,60,四川.广都,15277,0,2017
657,四川.广都/66kV.#1-6电容器,60,四川.广都,15279,0,2017
658,四川.广都/66kV.#1-7电容器,60,四川.广都,50439,-1,2017
659,四川.广都/66kV.#1-1电抗器,60,四川.广都,15273,0,2017
660,四川.广都/66kV.#2-1电容器,60,四川.广都,15284,0,2017
661,四川.广都/66kV.#2-2电容器,60,四川.广都,15286,0,2017
662,四川.广都/66kV.#2-3电容器,60,四川.广都,50440,-1,2017
663,四川.广都/66kV.#2-4电容器,60,四川.广都,15290,0,2017
664,四川.广都/66kV.#2-5电容器,60,四川.广都,15292,0,2017
665,四川.广都/66kV.#2-6电容器,60,四川.广都,15293,0,2017
666,四川.广都/66kV.#2-7电容器,60,四川.广都,50441,-1,2017
667,四川.广都/66kV.#2-1电抗器,60,四川.广都,15281,0,2017
668,四川.广都/66kV.#2-FC滤波电容器,60,四川.广都,15364,0,2017
669,四川.广都/66kV.#1-FC滤波电容器,60,四川.广都,15267,0,2017
670,四川.白泉/66kV.#1-1电抗器,60,四川.白泉,15563,-1,2059
671,四川.白泉/66kV.#1-2电抗器,60,四川.白泉,15565,-1,2059
672,四川.白泉/66kV.#1-1电容器,60,四川.白泉,15557,-1,2059
673,四川.白泉/66kV.#1-2电容器,60,四川.白泉,15559,-1,2059
674,四川.白泉/66kV.#1-3电容器,60,四川.白泉,15561,-1,2059
675,四川.白泉/66kV.#4-1电抗器,60,四川.白泉,15574,-1,2059
676,四川.白泉/66kV.#4-2电抗器,60,四川.白泉,15575,-1,2059
677,四川.白泉/66kV.#4-1电容器,60,四川.白泉,15568,-1,2059
678,四川.白泉/66kV.#4-2电容器,60,四川.白泉,15570,-1,2059
679,四川.白泉/66kV.#4-3电容器,60,四川.白泉,15572,-1,2059
680,四川.贡唐岗光伏厂/10.5kV.#1SVG静态无功发生器,10,四川.贡唐岗光伏厂,28006,40,2089
681,四川.白乌光伏厂/35kV.#2SVG静态无功发生器,35,四川.白乌光伏厂,15372,0,1896
682,四川.什邡/66kV.#1SVC静态无功补偿器,60,四川.什邡,9940,0,948
683,四川.什邡/66kV.#2SVC静态无功补偿器,60,四川.什邡,9954,0,948
684,四川.广都/66kV.#2SVC静态无功补偿器,60,四川.广都,15288,0,2017
685,四川.广都/66kV.#1SVC静态无功补偿器,60,四川.广都,15365,0,2017
686,四川.桃乡/66kV.#1SVC静态无功补偿器,60,四川.桃乡,7115,0,404
687,四川.桃乡/66kV.#2SVC静态无功补偿器,60,四川.桃乡,7133,0,404
688,四川.伊达厂/35kV.#1SVG静态无功发生器,35,四川.伊达厂,24412,0,1660
689,四川.伊达厂/35kV.#2SVG静态无功发生器,35,四川.伊达厂,24413,0,1660
690,四川.伊达厂/35kV.#3SVG静态无功发生器,35,四川.伊达厂,24784,0,1660
691,四川.火烈风电厂/35kV.#1SVG静态无功发生器,35,四川.火烈风电厂,24783,0,1872
692,四川.火烈风电厂/35kV.#2SVG静态无功发生器,35,四川.火烈风电厂,24782,0,1872
693,四川.芳地坪风电厂/35kV.#1SVG静态无功发生器,35,四川.芳地坪风电厂,14471,28,1875
694,四川.白乌光伏厂/35kV.#1SVG静态无功发生器,35,四川.白乌光伏厂,14563,0,1896
695,四川.斯乡龙光伏电厂/35kV.#1SVG静态无功发生器,35,四川.斯乡龙光伏厂,25140,32,1959
696,四川.三地风电厂/35kV.#1SVG静态无功发生器,35,四川.三地风电厂,25193,0,1971
697,四川.三地风电厂/35kV.#2SVG静态无功发生器,35,四川.三地风电厂,25195,0,1971
698,四川.三地风电厂/35kV.#3SVG静态无功发生器,35,四川.三地风电厂,25208,0,1971
699,四川.三地风电厂/35kV.#4SVG静态无功发生器,35,四川.三地风电厂,25210,0,1971
700,四川.红和风电厂/35kV.#1SVG静态无功发生器,35,四川.红和风电厂,25356,0,2008
701,四川.大德风电厂/35kV.#1SVG静态无功发生器,35,四川.大德厂,15328,0,2025
702,四川.兰错玛光伏厂/35kV.#1SVG静态无功发生器,35,四川.兰错玛光伏厂,15623,38,2079
703,四川.浑水塘光伏厂/35kV.#1SVG静态无功发生器,35,四川.浑水塘光伏厂,15687,0,2100
704,四川.马鸣风电厂/35kV.#1SVG静态无功发生器,35,四川.马鸣风电厂,25699,-1,2127
705,四川.鲁基风电厂/35kV.#1SVG静态无功发生器,35,四川.鲁基厂,25704,0,2130
706,四川.德昌风电厂/11.5kV.#2SVG静态无功发生器,11,四川.德昌风电厂,27997,0,1544
707,四川.德昌风电厂/11.5kV.#3SVG静态无功发生器,11,四川.德昌风电厂,27998,0,1544
708,四川.德昌风电厂/11.5kV.#4SVG静态无功发生器,11,四川.德昌风电厂,28005,0,1544
709,四川.树堡光伏厂/10.5kV.#1SVG静态无功发生器,10,四川.树堡光伏厂,13336,-1,1675
710,四川.树堡光伏厂/10.5kV.#2SVG静态无功发生器,10,四川.树堡光伏厂,14489,-1,1675
711,四川.拉马厂/10.5kV.#2SVG静态无功发生器,10,四川.拉马厂,50442,-1,1702
712,四川.拉马厂/10.5kV.#1SVG静态无功发生器,10,四川.拉马厂,50443,-1,1702
713,四川.火烈风电厂/10.5kV.#3SVG静态无功发生器,10,四川.火烈风电厂,15178,0,2014
714,四川.火烈风电厂/10.5kV.#4SVG静态无功发生器,10,四川.火烈风电厂,15180,0,2014
715,四川.达拉寨光伏厂/10.5kV.#1SVG静态无功发生器,10,四川.达拉寨光伏厂,28001,29,1916
716,四川.花海光伏厂/10.5kV.#1SVG静态无功发生器,10,四川.花海光伏厂,28002,30,1927
717,四川.万家山光伏厂/35kV.#1SVG静态无功发生器,10,四川.万家山光伏电厂,28003,31,1943
718,四川.干坝子风电厂/10.5kV.#1SVG静态无功发生器,10,四川.干坝子风电厂,15028,0,1986
719,四川.干坝子风电厂/10.5kV.#2SVG静态无功发生器,10,四川.干坝子风电厂,15030,0,1986
720,四川.卓坤厂/10.5kV.#1SVG静态无功发生器,10,四川.卓坤厂,15336,34,2029
721,四川.塘泥湾光伏厂/10.5kV.#1SVG静态无功发生器,10,四川.塘泥湾光伏厂,15477,0,2063
722,四川.大田光伏厂/10.5kV.#1SVG静态无功发生器,10,四川.大田光伏厂,25562,37,2072
723,四川.下大沟光伏厂/10.5kV.#1SVG静态无功发生器,10,四川.下大沟光伏厂,15607,0,2076
724,四川.美兴光伏厂/10.5kV.#1SVG静态无功发生器,10,四川.美兴光伏厂,15635,39,2084
725,四川.益门光伏厂/10.5kV.#2SVG静态无功发生器,10,四川.益门光伏厂,15721,-1,2105
726,四川.彰冠光伏厂/10.5kV.#1SVG静态无功发生器,10,四川.彰冠光伏厂,15731,42,2110
727,四川.洛乌沟光伏厂/10.5kV.#1SVG静态无功发生器,10,四川.洛乌沟光伏厂,15783,44,2114
728,四川.柏栎箐光伏厂/10.5kV.#1SVG静态无功发生器,10,四川.柏栎箐光伏厂,28007,-1,2121
729,四川.洛乌沟光伏厂/10.5kV.#2SVG静态无功发生器,10,四川.洛乌沟光伏厂,15763,44,2114
730,四川.德昌风电厂/10.5kV.#1SVG静态无功发生器,10,四川.德昌风电厂,23038,0,1324
731,四川.白乌光伏厂/35kV.#4SVG静态无功发生器,35,四川.白乌光伏厂,15876,0,1896
732,四川.卓坤厂/10.5kV.#2SVG静态无功发生器,10,四川.卓坤厂,15912,34,2029
733,四川.清风风电厂/35kV.#1SVC静态无功补偿器,35,四川.清风风电厂,25787,46,2146
734,四川.竹林坡光伏厂/10.5kV.#1SVG静态无功补偿器,10,四川.竹林坡光伏厂,25795,47,2150
735,四川.昌盛光伏厂/10.5kV.#1SVC静态无功补偿器,10,四川.昌盛光伏厂,25803,48,2153
736,四川.普隆村光伏厂/35kV.#1SVC静态无功补偿器,35,四川.普隆村光伏厂,25823,49,2156
737,四川.干坝子风电厂/10.5kV.#3SVG静态无功发生器,10,四川.干坝子风电厂,15032,0,1986
738,四川.棉桠光伏厂/35kV.#1SVG静态无功发生器,35,四川.棉桠光伏厂,16073,51,2182
739,四川.凉风坳风电厂/35kV.#1SVG静态无功发生器,35,四川.凉风坳风电厂,25934,0,2190
740,四川.鲁南厂/35kV.#1SVG静态无功发生器,35,四川.鲁南厂,25945,0,1707
741,四川.红和风电厂/35kV.#2SVG静态无功发生器,35,四川.红和风电厂,26016,0,2008
742,四川.甘孜/220kV.新孜一线电抗器,220,四川.甘孜,23238,0,1377
743,四川.洛乌沟光伏厂/10.5kV.#3SVG静态无功发生器,10,四川.洛乌沟光伏厂,28012,44,2114
744,四川.甘孜/220kV.新孜二线电抗器,220,四川.甘孜,26022,0,1377
745,四川.沐溪/35kV.2-1#电容器,35,西南.沐溪站,16230,-1,1331
746,四川.沐溪/35kV.2-2#电容器,35,西南.沐溪站,16232,-1,1331
747,四川.去学厂/220kV.去茨线电抗器,220,四川.去学厂,26051,0,2224
748,四川.望江坪风电厂/35kV.#1SVG静态无功发生器,35,四川.望江坪风电厂,26105,53,2239
749,四川.博洛拉达风电厂/35kV.#1SVG静态无功发生器,35,四川.博洛拉达风电厂,26147,0,2260
750,四川.博洛拉达风电厂/35kV.#2SVG静态无功发生器,35,四川.博洛拉达风电厂,26148,0,2260
751,西南.沙南厂/500kV.沙天线线路高抗,500,西南.沙南厂,26154,0,2262
752,四川.海口风电厂/35kV.#1SVG静态无功发生器,35,四川.海口风电厂,26186,54,2267
753,四川.大德风电厂/35kV.#2SVG静态无功发生器,35,四川.大德厂,26189,0,2025
754,四川.大德风电厂/35kV.#3SVG静态无功发生器,35,四川.大德厂,26190,0,2025
755,四川.大德风电厂/35kV.#4SVG静态无功发生器,35,四川.大德厂,26191,0,2025
756,四川.大德风电厂/35kV.#5SVG静态无功发生器,35,四川.大德厂,26192,0,2025
757,四川.芳地坪风电厂/35kV.#2SVG静态无功发生器,35,四川.芳地坪风电厂,16453,28,1875
758,四川.太阳坡光伏厂/10.5kV.#1SVG静态无功发生器,10,四川.太阳坡光伏电厂,26221,55,2276
759,四川.玉龙/10.5kV.161电容器,10,西藏.玉龙,26228,27,1804
760,四川.玉龙/10.5kV.162电容器,10,西藏.玉龙,26229,-1,1804
761,四川.玉龙/10.5kV.163电容器,10,西藏.玉龙,26230,27,1804
762,四川.玉龙/10.5kV.164电容器,10,西藏.玉龙,26231,-1,1804
763,四川.玉龙/10.5kV.165电容器,10,西藏.玉龙,26232,27,1804
764,四川.玉龙/10.5kV.166电容器,10,西藏.玉龙,26233,-1,1804
765,四川.玉龙/10.5kV.167电容器,10,西藏.玉龙,26234,27,1804
766,四川.玉龙/10.5kV.168电容器,10,西藏.玉龙,26235,-1,1804
767,四川.蜀州/35kV.1-3#电容器,35,四川.蜀州,26262,0,219
768,四川.灰力苏厂/10.5kV.#1SVG静态无功发生器,10,四川.灰力苏光伏厂,28009,58,2297
769,四川.柏栎箐光伏厂/10.5kV.#2SVG静态无功发生器,10,四川.柏栎箐光伏厂,28010,43,2121
770,四川.大宝鼎光伏厂/35kV.#1SVG静态无功发生器,35,四川.大宝鼎光伏厂,26310,59,2305
771,四川.正斗光伏厂/24kV.#1SVG静态无功发生器,24,四川.正斗光伏厂,28011,0,2313
772,四川.小南海光伏厂/35kV.#1SVG静态无功发生器,35,四川.小南海光伏厂,26320,39,2315
773,四川.马宗风电厂/35kV.1#SVG静态无功发生器,35,四川.马宗风电厂,26334,0,2318
774,四川.马宗风电厂/35kV.2#SVG静态无功发生器,35,四川.马宗风电厂,26342,0,2318
775,四川.洁源光伏厂/35kV.#1SVG静态无功发生器,35,四川.洁源光伏厂,28013,60,2326
776,四川.干坝子风电厂/10.5kV.#4SVG静态无功发生器,10,四川.干坝子风电厂,16811,0,1986
777,四川.玛瑙/35kV.1-1＃电容器,35,四川.玛瑙,16798,0,2334
778,四川.玛瑙/35kV.2-3＃电容器,35,四川.玛瑙,16804,0,2334
779,四川.玛瑙/35kV.1-1#电抗器,35,四川.玛瑙,16802,0,2334
780,四川.玛瑙/35kV.1-2#电抗器,35,四川.玛瑙,16800,0,2334
781,四川.玛瑙/35kV.2-1#电抗器,35,四川.玛瑙,16806,0,2334
782,四川.玛瑙/35kV.2-2#电抗器,35,四川.玛瑙,16808,0,2334
783,四川.拉马厂/35kV.#3SVG静态无功发生器,35,四川.拉马厂,26435,0,1701
784,四川.拉马厂/35kV.#4SVG静态无功发生器,35,四川.拉马厂,26436,0,1701
785,四川.玛施金风电厂/35kV.#1SVG静态无功发生器,35,四川.玛施金风电厂,26449,0,2339
786,四川.云顶山风电场/35kV.#1SVG静态无功发生器,35,四川.云顶山风电场,26484,0,2347
787,四川.黄茅埂风电场/35kV.#1SVG静态无功发生器,35,四川.黄茅埂风电场,26517,0,2361
788,四川.黄茅埂风电场/35kV.#2SVG静态无功发生器,35,四川.黄茅埂风电场,26522,0,2361
789,四川.桃乡/66kV.#3SVC静态无功补偿器,60,四川.桃乡,8305,0,404
790,四川.若先光伏厂/35kV.#1SVG静态无功发生器,35,四川.若先光伏厂,26584,62,2375
791,四川.百灵/35kV.#2-1电抗器,35,西南.百灵站,17099,0,2390
792,四川.百灵/35kV.#2-2电抗器,35,西南.百灵站,17101,0,2390
793,四川.百灵/35kV.#2-3电抗器,35,西南.百灵站,17103,0,2390
794,四川.子越光伏厂/35kV.#1SVG静态无功发生器,35,四川.子越光伏厂,26660,63,2386
795,四川.贡唐岗光伏厂/10.5kV.#2SVG静态无功发生器,10,四川.贡唐岗光伏厂,28015,40,2089
796,四川.斯乡龙光伏电厂/10.5kV.#2SVG静态无功发生器,10,四川.斯乡龙光伏厂,28016,32,1958
797,四川.正斗光伏厂/20kV.#2SVG静态无功发生器,20,四川.正斗光伏厂,28017,-1,2403
798,四川.正斗光伏厂/20kV.#3SVG静态无功发生器,20,四川.正斗光伏厂,28018,-1,2403
799,四川.补约光伏厂/35kV.#1SVG静态无功发生器,35,四川.补约光伏厂,26716,64,2409
800,四川.补约光伏厂/35kV.#2SVG静态无功发生器,35,四川.补约光伏厂,26717,64,2409
801,四川.西里光伏厂/10kV.#1SVG静态无功发生器,10,四川.西里光伏厂,28019,-1,2416
802,四川.赛果乐风电场/35kV.#1SVG静态无功发生器,35,四川.赛果乐风电场,26726,-1,2425
803,四川.洪沟/35kV.#1SVC静态无功补偿器,35,西南.洪沟站,5950,0,126
804,西藏.澜沧江站/10.5kV.161电容器,10,西南.澜沧江站,26734,27,1789
805,西藏.澜沧江站/10.5kV.162电容器,10,西南.澜沧江站,26735,27,1789
806,西藏.澜沧江站/10.5kV.163电容器,10,西南.澜沧江站,26736,27,1789
807,西藏.澜沧江站/10.5kV.164电容器,10,西南.澜沧江站,26737,27,1789
808,西藏.澜沧江站/10.5kV.165电容器,10,西南.澜沧江站,26738,27,1789
809,西藏.澜沧江站/10.5kV.166电容器,10,西南.澜沧江站,26739,27,1789
810,四川.巴塘/500kV.塘乡Ⅰ线线路高抗电抗器,500,西南.巴塘站,26758,0,2455
811,四川.巴塘/500kV.塘乡Ⅱ线线路高抗电抗器,500,西南.巴塘站,26759,0,2455
812,西南.巴塘站/500kV.塘芒Ⅱ线线路高抗,500,西南.巴塘站,26761,0,2455
813,西南.巴塘站/500kV.塘芒Ⅰ线线路高抗,500,西南.巴塘站,26760,0,2455
814,四川.巴塘/35kV.#3-1电抗器,35,西南.巴塘站,17335,0,1820
815,四川.巴塘/35kV.#4-1电抗器,35,西南.巴塘站,17337,-1,1820
816,西南.澜沧江站/500kV.芒澜二线线路高抗,500,西南.澜沧江站,26771,-1,2418
817,西南.澜沧江站/500kV.芒澜一线线路高抗,500,西南.澜沧江站,26770,-1,2418
818,西南.芒康站/500kV.芒左二线线路高抗,500,西藏.芒康站,26782,-1,2456
